"Label (Grouping)","Total"
"Baldwin County, Alabama",""
"    Estimate","2,223"
"Calhoun County, Alabama",""
"    Estimate","1,695"
"Cullman County, Alabama",""
"    Estimate","1,359"
"DeKalb County, Alabama",""
"    Estimate","1,242"
"Elmore County, Alabama",""
"    Estimate","1,134"
"Etowah County, Alabama",""
"    Estimate","1,560"
"Houston County, Alabama",""
"    Estimate","5,218"
"Jefferson County, Alabama",""
"    Estimate","9,197"
"Lauderdale County, Alabama",""
"    Estimate","1,433"
"Lee County, Alabama",""
"    Estimate","1,886"
"Limestone County, Alabama",""
"    Estimate","1,188"
"Madison County, Alabama",""
"    Estimate","4,820"
"Marshall County, Alabama",""
"    Estimate","2,662"
"Mobile County, Alabama",""
"    Estimate","5,900"
"Montgomery County, Alabama",""
"    Estimate","3,260"
"Morgan County, Alabama",""
"    Estimate","1,709"
"St. Clair County, Alabama",""
"    Estimate","1,047"
"Shelby County, Alabama",""
"    Estimate","3,201"
"Talladega County, Alabama",""
"    Estimate","1,109"
"Tuscaloosa County, Alabama",""
"    Estimate","2,891"
"Walker County, Alabama",""
"    Estimate","1,155"
"Anchorage Municipality, Alaska",""
"    Estimate","3,927"
"Fairbanks North Star Borough, Alaska",""
"    Estimate","1,249"
"Matanuska-Susitna Borough, Alaska",""
"    Estimate","2,403"
"Apache County, Arizona",""
"    Estimate","2,293"
"Cochise County, Arizona",""
"    Estimate","2,161"
"Coconino County, Arizona",""
"    Estimate","2,680"
"Maricopa County, Arizona",""
"    Estimate","59,391"
"Mohave County, Arizona",""
"    Estimate","2,807"
"Navajo County, Arizona",""
"    Estimate","2,428"
"Pima County, Arizona",""
"    Estimate","15,043"
"Pinal County, Arizona",""
"    Estimate","5,356"
"Yavapai County, Arizona",""
"    Estimate","2,743"
"Yuma County, Arizona",""
"    Estimate","2,891"
"Benton County, Arkansas",""
"    Estimate","4,185"
"Craighead County, Arkansas",""
"    Estimate","1,384"
"Faulkner County, Arkansas",""
"    Estimate","1,984"
"Garland County, Arkansas",""
"    Estimate","1,108"
"Jefferson County, Arkansas",""
"    Estimate","1,137"
"Lonoke County, Arkansas",""
"    Estimate","1,013"
"Pulaski County, Arkansas",""
"    Estimate","4,829"
"Saline County, Arkansas",""
"    Estimate","1,495"
"Sebastian County, Arkansas",""
"    Estimate","1,736"
"Washington County, Arkansas",""
"    Estimate","2,889"
"White County, Arkansas",""
"    Estimate","1,183"
"Alameda County, California",""
"    Estimate","25,652"
"Butte County, California",""
"    Estimate","3,440"
"Contra Costa County, California",""
"    Estimate","15,113"
"El Dorado County, California",""
"    Estimate","2,547"
"Fresno County, California",""
"    Estimate","13,427"
"Humboldt County, California",""
"    Estimate","2,172"
"Imperial County, California",""
"    Estimate","2,343"
"Kern County, California",""
"    Estimate","10,920"
"Kings County, California",""
"    Estimate","2,482"
"Lake County, California",""
"    Estimate","699"
"Los Angeles County, California",""
"    Estimate","153,508"
"Madera County, California",""
"    Estimate","1,930"
"Marin County, California",""
"    Estimate","3,591"
"Mendocino County, California",""
"    Estimate","1,336"
"Merced County, California",""
"    Estimate","3,502"
"Monterey County, California",""
"    Estimate","6,326"
"Napa County, California",""
"    Estimate","2,517"
"Nevada County, California",""
"    Estimate","1,340"
"Orange County, California",""
"    Estimate","44,593"
"Placer County, California",""
"    Estimate","5,815"
"Riverside County, California",""
"    Estimate","32,959"
"Sacramento County, California",""
"    Estimate","21,703"
"San Bernardino County, California",""
"    Estimate","27,051"
"San Diego County, California",""
"    Estimate","44,087"
"San Francisco County, California",""
"    Estimate","12,044"
"San Joaquin County, California",""
"    Estimate","10,480"
"San Luis Obispo County, California",""
"    Estimate","3,785"
"San Mateo County, California",""
"    Estimate","11,542"
"Santa Barbara County, California",""
"    Estimate","6,342"
"Santa Clara County, California",""
"    Estimate","29,323"
"Santa Cruz County, California",""
"    Estimate","3,869"
"Shasta County, California",""
"    Estimate","3,151"
"Solano County, California",""
"    Estimate","6,397"
"Sonoma County, California",""
"    Estimate","7,239"
"Stanislaus County, California",""
"    Estimate","7,126"
"Sutter County, California",""
"    Estimate","1,641"
"Tulare County, California",""
"    Estimate","6,419"
"Ventura County, California",""
"    Estimate","12,552"
"Yolo County, California",""
"    Estimate","3,097"
"Yuba County, California",""
"    Estimate","1,086"
"Adams County, Colorado",""
"    Estimate","6,608"
"Arapahoe County, Colorado",""
"    Estimate","10,378"
"Boulder County, Colorado",""
"    Estimate","4,958"
"Broomfield County, Colorado",""
"    Estimate","1,115"
"Denver County, Colorado",""
"    Estimate","9,479"
"Douglas County, Colorado",""
"    Estimate","4,946"
"El Paso County, Colorado",""
"    Estimate","9,734"
"Jefferson County, Colorado",""
"    Estimate","9,633"
"Larimer County, Colorado",""
"    Estimate","4,998"
"Mesa County, Colorado",""
"    Estimate","2,013"
"Pueblo County, Colorado",""
"    Estimate","2,830"
"Weld County, Colorado",""
"    Estimate","5,361"
"Fairfield County, Connecticut",""
"    Estimate","14,467"
"Hartford County, Connecticut",""
"    Estimate","14,042"
"Litchfield County, Connecticut",""
"    Estimate","3,404"
"Middlesex County, Connecticut",""
"    Estimate","2,537"
"New Haven County, Connecticut",""
"    Estimate","11,960"
"New London County, Connecticut",""
"    Estimate","4,563"
"Tolland County, Connecticut",""
"    Estimate","2,406"
"Windham County, Connecticut",""
"    Estimate","1,855"
"Kent County, Delaware",""
"    Estimate","2,653"
"New Castle County, Delaware",""
"    Estimate","8,582"
"Sussex County, Delaware",""
"    Estimate","4,054"
"District of Columbia, District of Columbia",""
"    Estimate","9,990"
"Alachua County, Florida",""
"    Estimate","3,364"
"Bay County, Florida",""
"    Estimate","2,569"
"Brevard County, Florida",""
"    Estimate","6,984"
"Broward County, Florida",""
"    Estimate","21,583"
"Charlotte County, Florida",""
"    Estimate","2,241"
"Citrus County, Florida",""
"    Estimate","1,594"
"Clay County, Florida",""
"    Estimate","2,031"
"Collier County, Florida",""
"    Estimate","4,273"
"Columbia County, Florida",""
"    Estimate","871"
"Duval County, Florida",""
"    Estimate","10,736"
"Escambia County, Florida",""
"    Estimate","4,102"
"Flagler County, Florida",""
"    Estimate","1,327"
"Hernando County, Florida",""
"    Estimate","2,631"
"Highlands County, Florida",""
"    Estimate","1,137"
"Hillsborough County, Florida",""
"    Estimate","18,752"
"Indian River County, Florida",""
"    Estimate","1,518"
"Lake County, Florida",""
"    Estimate","3,743"
"Lee County, Florida",""
"    Estimate","9,015"
"Leon County, Florida",""
"    Estimate","3,989"
"Manatee County, Florida",""
"    Estimate","4,663"
"Marion County, Florida",""
"    Estimate","3,771"
"Martin County, Florida",""
"    Estimate","1,951"
"Miami-Dade County, Florida",""
"    Estimate","30,953"
"Monroe County, Florida",""
"    Estimate","1,276"
"Nassau County, Florida",""
"    Estimate","1,062"
"Okaloosa County, Florida",""
"    Estimate","2,769"
"Orange County, Florida",""
"    Estimate","14,220"
"Osceola County, Florida",""
"    Estimate","2,818"
"Palm Beach County, Florida",""
"    Estimate","19,037"
"Pasco County, Florida",""
"    Estimate","7,842"
"Pinellas County, Florida",""
"    Estimate","13,587"
"Polk County, Florida",""
"    Estimate","8,969"
"Putnam County, Florida",""
"    Estimate","999"
"St. Johns County, Florida",""
"    Estimate","2,643"
"St. Lucie County, Florida",""
"    Estimate","2,515"
"Santa Rosa County, Florida",""
"    Estimate","1,936"
"Sarasota County, Florida",""
"    Estimate","5,540"
"Seminole County, Florida",""
"    Estimate","5,508"
"Sumter County, Florida",""
"    Estimate","1,376"
"Volusia County, Florida",""
"    Estimate","6,901"
"Walton County, Florida",""
"    Estimate","805"
"Barrow County, Georgia",""
"    Estimate","1,273"
"Bartow County, Georgia",""
"    Estimate","1,158"
"Bibb County, Georgia",""
"    Estimate","2,182"
"Bulloch County, Georgia",""
"    Estimate","1,022"
"Carroll County, Georgia",""
"    Estimate","1,204"
"Catoosa County, Georgia",""
"    Estimate","709"
"Chatham County, Georgia",""
"    Estimate","3,898"
"Cherokee County, Georgia",""
"    Estimate","2,283"
"Clarke County, Georgia",""
"    Estimate","1,738"
"Clayton County, Georgia",""
"    Estimate","3,028"
"Cobb County, Georgia",""
"    Estimate","8,683"
"Columbia County, Georgia",""
"    Estimate","1,410"
"Coweta County, Georgia",""
"    Estimate","1,676"
"DeKalb County, Georgia",""
"    Estimate","9,290"
"Dougherty County, Georgia",""
"    Estimate","1,308"
"Douglas County, Georgia",""
"    Estimate","1,400"
"Fayette County, Georgia",""
"    Estimate","1,469"
"Floyd County, Georgia",""
"    Estimate","1,314"
"Forsyth County, Georgia",""
"    Estimate","3,745"
"Fulton County, Georgia",""
"    Estimate","11,277"
"Glynn County, Georgia",""
"    Estimate","946"
"Gwinnett County, Georgia",""
"    Estimate","9,080"
"Hall County, Georgia",""
"    Estimate","2,642"
"Henry County, Georgia",""
"    Estimate","1,933"
"Houston County, Georgia",""
"    Estimate","1,454"
"Liberty County, Georgia",""
"    Estimate","1,102"
"Lowndes County, Georgia",""
"    Estimate","1,519"
"Muscogee County, Georgia",""
"    Estimate","2,742"
"Newton County, Georgia",""
"    Estimate","1,090"
"Paulding County, Georgia",""
"    Estimate","1,468"
"Richmond County, Georgia",""
"    Estimate","2,556"
"Rockdale County, Georgia",""
"    Estimate","911"
"Troup County, Georgia",""
"    Estimate","987"
"Walker County, Georgia",""
"    Estimate","817"
"Walton County, Georgia",""
"    Estimate","1,189"
"Whitfield County, Georgia",""
"    Estimate","1,307"
"Hawaii County, Hawaii",""
"    Estimate","3,083"
"Honolulu County, Hawaii",""
"    Estimate","17,827"
"Kauai County, Hawaii",""
"    Estimate","1,322"
"Maui County, Hawaii",""
"    Estimate","2,907"
"Ada County, Idaho",""
"    Estimate","4,808"
"Bannock County, Idaho",""
"    Estimate","1,536"
"Bonneville County, Idaho",""
"    Estimate","1,869"
"Canyon County, Idaho",""
"    Estimate","2,558"
"Kootenai County, Idaho",""
"    Estimate","2,008"
"Twin Falls County, Idaho",""
"    Estimate","1,223"
"Adams County, Illinois",""
"    Estimate","1,399"
"Champaign County, Illinois",""
"    Estimate","3,727"
"Cook County, Illinois",""
"    Estimate","76,001"
"DeKalb County, Illinois",""
"    Estimate","1,838"
"DuPage County, Illinois",""
"    Estimate","15,966"
"Kane County, Illinois",""
"    Estimate","6,580"
"Kankakee County, Illinois",""
"    Estimate","2,306"
"Kendall County, Illinois",""
"    Estimate","1,094"
"Lake County, Illinois",""
"    Estimate","12,002"
"LaSalle County, Illinois",""
"    Estimate","2,727"
"McHenry County, Illinois",""
"    Estimate","4,796"
"McLean County, Illinois",""
"    Estimate","3,399"
"Macon County, Illinois",""
"    Estimate","2,297"
"Madison County, Illinois",""
"    Estimate","4,293"
"Peoria County, Illinois",""
"    Estimate","3,475"
"Rock Island County, Illinois",""
"    Estimate","2,897"
"St. Clair County, Illinois",""
"    Estimate","3,692"
"Sangamon County, Illinois",""
"    Estimate","3,814"
"Tazewell County, Illinois",""
"    Estimate","2,698"
"Vermilion County, Illinois",""
"    Estimate","2,005"
"Will County, Illinois",""
"    Estimate","10,954"
"Williamson County, Illinois",""
"    Estimate","1,283"
"Winnebago County, Illinois",""
"    Estimate","4,690"
"Allen County, Indiana",""
"    Estimate","6,012"
"Bartholomew County, Indiana",""
"    Estimate","1,243"
"Clark County, Indiana",""
"    Estimate","1,682"
"Delaware County, Indiana",""
"    Estimate","1,887"
"Elkhart County, Indiana",""
"    Estimate","2,734"
"Floyd County, Indiana",""
"    Estimate","1,375"
"Grant County, Indiana",""
"    Estimate","1,381"
"Hamilton County, Indiana",""
"    Estimate","3,664"
"Hancock County, Indiana",""
"    Estimate","912"
"Hendricks County, Indiana",""
"    Estimate","1,919"
"Howard County, Indiana",""
"    Estimate","1,299"
"Johnson County, Indiana",""
"    Estimate","1,814"
"Kosciusko County, Indiana",""
"    Estimate","1,586"
"Lake County, Indiana",""
"    Estimate","6,982"
"LaPorte County, Indiana",""
"    Estimate","2,053"
"Madison County, Indiana",""
"    Estimate","2,487"
"Marion County, Indiana",""
"    Estimate","12,364"
"Monroe County, Indiana",""
"    Estimate","2,121"
"Morgan County, Indiana",""
"    Estimate","1,135"
"Porter County, Indiana",""
"    Estimate","2,507"
"St. Joseph County, Indiana",""
"    Estimate","4,580"
"Tippecanoe County, Indiana",""
"    Estimate","2,983"
"Vanderburgh County, Indiana",""
"    Estimate","2,881"
"Vigo County, Indiana",""
"    Estimate","1,861"
"Wayne County, Indiana",""
"    Estimate","1,470"
"Black Hawk County, Iowa",""
"    Estimate","2,468"
"Dallas County, Iowa",""
"    Estimate","1,462"
"Dubuque County, Iowa",""
"    Estimate","2,453"
"Johnson County, Iowa",""
"    Estimate","2,359"
"Linn County, Iowa",""
"    Estimate","3,621"
"Polk County, Iowa",""
"    Estimate","7,069"
"Pottawattamie County, Iowa",""
"    Estimate","2,155"
"Scott County, Iowa",""
"    Estimate","3,107"
"Story County, Iowa",""
"    Estimate","2,054"
"Woodbury County, Iowa",""
"    Estimate","1,882"
"Butler County, Kansas",""
"    Estimate","1,370"
"Douglas County, Kansas",""
"    Estimate","1,633"
"Johnson County, Kansas",""
"    Estimate","9,292"
"Leavenworth County, Kansas",""
"    Estimate","1,202"
"Riley County, Kansas",""
"    Estimate","1,170"
"Sedgwick County, Kansas",""
"    Estimate","8,020"
"Shawnee County, Kansas",""
"    Estimate","2,791"
"Wyandotte County, Kansas",""
"    Estimate","2,794"
"Boone County, Kentucky",""
"    Estimate","1,576"
"Bullitt County, Kentucky",""
"    Estimate","1,356"
"Campbell County, Kentucky",""
"    Estimate","1,749"
"Christian County, Kentucky",""
"    Estimate","1,207"
"Daviess County, Kentucky",""
"    Estimate","1,621"
"Fayette County, Kentucky",""
"    Estimate","4,935"
"Hardin County, Kentucky",""
"    Estimate","1,469"
"Jefferson County, Kentucky",""
"    Estimate","13,800"
"Kenton County, Kentucky",""
"    Estimate","2,572"
"McCracken County, Kentucky",""
"    Estimate","826"
"Madison County, Kentucky",""
"    Estimate","1,486"
"Oldham County, Kentucky",""
"    Estimate","1,515"
"Warren County, Kentucky",""
"    Estimate","1,671"
"Ascension Parish, Louisiana",""
"    Estimate","1,111"
"Bossier Parish, Louisiana",""
"    Estimate","1,424"
"Caddo Parish, Louisiana",""
"    Estimate","3,130"
"Calcasieu Parish, Louisiana",""
"    Estimate","2,395"
"East Baton Rouge Parish, Louisiana",""
"    Estimate","4,842"
"Iberia Parish, Louisiana",""
"    Estimate","910"
"Jefferson Parish, Louisiana",""
"    Estimate","6,105"
"Lafayette Parish, Louisiana",""
"    Estimate","2,583"
"Lafourche Parish, Louisiana",""
"    Estimate","1,458"
"Livingston Parish, Louisiana",""
"    Estimate","1,278"
"Orleans Parish, Louisiana",""
"    Estimate","7,335"
"Ouachita Parish, Louisiana",""
"    Estimate","2,154"
"Rapides Parish, Louisiana",""
"    Estimate","1,823"
"St. Landry Parish, Louisiana",""
"    Estimate","1,208"
"St. Tammany Parish, Louisiana",""
"    Estimate","3,018"
"Tangipahoa Parish, Louisiana",""
"    Estimate","1,374"
"Terrebonne Parish, Louisiana",""
"    Estimate","1,187"
"Androscoggin County, Maine",""
"    Estimate","1,760"
"Aroostook County, Maine",""
"    Estimate","2,186"
"Cumberland County, Maine",""
"    Estimate","4,424"
"Kennebec County, Maine",""
"    Estimate","2,192"
"Penobscot County, Maine",""
"    Estimate","3,304"
"York County, Maine",""
"    Estimate","2,895"
"Allegany County, Maryland",""
"    Estimate","1,538"
"Anne Arundel County, Maryland",""
"    Estimate","7,580"
"Baltimore County, Maryland",""
"    Estimate","12,994"
"Calvert County, Maryland",""
"    Estimate","1,319"
"Carroll County, Maryland",""
"    Estimate","2,998"
"Cecil County, Maryland",""
"    Estimate","1,515"
"Charles County, Maryland",""
"    Estimate","2,289"
"Frederick County, Maryland",""
"    Estimate","4,514"
"Harford County, Maryland",""
"    Estimate","3,801"
"Howard County, Maryland",""
"    Estimate","4,336"
"Montgomery County, Maryland",""
"    Estimate","15,925"
"Prince George's County, Maryland",""
"    Estimate","13,822"
"St. Mary's County, Maryland",""
"    Estimate","1,411"
"Washington County, Maryland",""
"    Estimate","2,460"
"Wicomico County, Maryland",""
"    Estimate","1,490"
"Baltimore city, Maryland",""
"    Estimate","9,275"
"Barnstable County, Massachusetts",""
"    Estimate","3,289"
"Berkshire County, Massachusetts",""
"    Estimate","2,838"
"Bristol County, Massachusetts",""
"    Estimate","7,982"
"Essex County, Massachusetts",""
"    Estimate","11,022"
"Franklin County, Massachusetts",""
"    Estimate","2,060"
"Hampden County, Massachusetts",""
"    Estimate","6,830"
"Hampshire County, Massachusetts",""
"    Estimate","3,000"
"Middlesex County, Massachusetts",""
"    Estimate","23,843"
"Norfolk County, Massachusetts",""
"    Estimate","10,146"
"Plymouth County, Massachusetts",""
"    Estimate","7,067"
"Suffolk County, Massachusetts",""
"    Estimate","11,671"
"Worcester County, Massachusetts",""
"    Estimate","12,413"
"Allegan County, Michigan",""
"    Estimate","2,628"
"Bay County, Michigan",""
"    Estimate","2,006"
"Berrien County, Michigan",""
"    Estimate","3,728"
"Calhoun County, Michigan",""
"    Estimate","3,003"
"Clinton County, Michigan",""
"    Estimate","2,074"
"Eaton County, Michigan",""
"    Estimate","2,589"
"Genesee County, Michigan",""
"    Estimate","6,873"
"Grand Traverse County, Michigan",""
"    Estimate","1,538"
"Ingham County, Michigan",""
"    Estimate","5,434"
"Isabella County, Michigan",""
"    Estimate","2,069"
"Jackson County, Michigan",""
"    Estimate","3,188"
"Kalamazoo County, Michigan",""
"    Estimate","4,484"
"Kent County, Michigan",""
"    Estimate","9,799"
"Lapeer County, Michigan",""
"    Estimate","2,031"
"Lenawee County, Michigan",""
"    Estimate","2,739"
"Livingston County, Michigan",""
"    Estimate","4,222"
"Macomb County, Michigan",""
"    Estimate","13,870"
"Marquette County, Michigan",""
"    Estimate","1,890"
"Midland County, Michigan",""
"    Estimate","1,939"
"Monroe County, Michigan",""
"    Estimate","2,832"
"Muskegon County, Michigan",""
"    Estimate","3,526"
"Oakland County, Michigan",""
"    Estimate","22,158"
"Ottawa County, Michigan",""
"    Estimate","4,980"
"Saginaw County, Michigan",""
"    Estimate","4,066"
"St. Clair County, Michigan",""
"    Estimate","3,587"
"Shiawassee County, Michigan",""
"    Estimate","1,965"
"Van Buren County, Michigan",""
"    Estimate","1,904"
"Washtenaw County, Michigan",""
"    Estimate","6,991"
"Wayne County, Michigan",""
"    Estimate","28,924"
"Anoka County, Minnesota",""
"    Estimate","6,248"
"Blue Earth County, Minnesota",""
"    Estimate","2,106"
"Carver County, Minnesota",""
"    Estimate","2,493"
"Dakota County, Minnesota",""
"    Estimate","7,618"
"Hennepin County, Minnesota",""
"    Estimate","20,818"
"Olmsted County, Minnesota",""
"    Estimate","3,480"
"Ramsey County, Minnesota",""
"    Estimate","9,214"
"Rice County, Minnesota",""
"    Estimate","2,012"
"St. Louis County, Minnesota",""
"    Estimate","6,320"
"Scott County, Minnesota",""
"    Estimate","2,580"
"Sherburne County, Minnesota",""
"    Estimate","1,499"
"Stearns County, Minnesota",""
"    Estimate","4,857"
"Washington County, Minnesota",""
"    Estimate","4,727"
"Wright County, Minnesota",""
"    Estimate","3,121"
"DeSoto County, Mississippi",""
"    Estimate","2,180"
"Forrest County, Mississippi",""
"    Estimate","914"
"Harrison County, Mississippi",""
"    Estimate","2,370"
"Hinds County, Mississippi",""
"    Estimate","3,308"
"Jackson County, Mississippi",""
"    Estimate","1,499"
"Jones County, Mississippi",""
"    Estimate","825"
"Lauderdale County, Mississippi",""
"    Estimate","930"
"Lee County, Mississippi",""
"    Estimate","1,232"
"Madison County, Mississippi",""
"    Estimate","1,354"
"Rankin County, Mississippi",""
"    Estimate","1,862"
"Boone County, Missouri",""
"    Estimate","2,367"
"Buchanan County, Missouri",""
"    Estimate","1,600"
"Cape Girardeau County, Missouri",""
"    Estimate","1,269"
"Cass County, Missouri",""
"    Estimate","1,907"
"Christian County, Missouri",""
"    Estimate","1,288"
"Clay County, Missouri",""
"    Estimate","3,279"
"Cole County, Missouri",""
"    Estimate","1,346"
"Franklin County, Missouri",""
"    Estimate","1,586"
"Greene County, Missouri",""
"    Estimate","4,427"
"Jackson County, Missouri",""
"    Estimate","10,547"
"Jasper County, Missouri",""
"    Estimate","1,958"
"Jefferson County, Missouri",""
"    Estimate","3,275"
"Platte County, Missouri",""
"    Estimate","1,718"
"St. Charles County, Missouri",""
"    Estimate","6,544"
"St. Francois County, Missouri",""
"    Estimate","999"
"St. Louis County, Missouri",""
"    Estimate","15,237"
"St. Louis city, Missouri",""
"    Estimate","4,866"
"Cascade County, Montana",""
"    Estimate","1,674"
"Flathead County, Montana",""
"    Estimate","1,758"
"Gallatin County, Montana",""
"    Estimate","1,980"
"Lewis and Clark County, Montana",""
"    Estimate","1,118"
"Missoula County, Montana",""
"    Estimate","1,647"
"Yellowstone County, Montana",""
"    Estimate","2,705"
"Douglas County, Nebraska",""
"    Estimate","9,844"
"Lancaster County, Nebraska",""
"    Estimate","5,456"
"Sarpy County, Nebraska",""
"    Estimate","3,230"
"Clark County, Nevada",""
"    Estimate","28,852"
"Washoe County, Nevada",""
"    Estimate","6,470"
"Cheshire County, New Hampshire",""
"    Estimate","1,698"
"Grafton County, New Hampshire",""
"    Estimate","2,089"
"Hillsborough County, New Hampshire",""
"    Estimate","6,410"
"Merrimack County, New Hampshire",""
"    Estimate","3,048"
"Rockingham County, New Hampshire",""
"    Estimate","4,802"
"Strafford County, New Hampshire",""
"    Estimate","1,949"
"Atlantic County, New Jersey",""
"    Estimate","4,050"
"Bergen County, New Jersey",""
"    Estimate","13,816"
"Burlington County, New Jersey",""
"    Estimate","7,514"
"Camden County, New Jersey",""
"    Estimate","7,884"
"Cape May County, New Jersey",""
"    Estimate","2,023"
"Cumberland County, New Jersey",""
"    Estimate","2,644"
"Essex County, New Jersey",""
"    Estimate","10,751"
"Gloucester County, New Jersey",""
"    Estimate","4,673"
"Hudson County, New Jersey",""
"    Estimate","9,375"
"Hunterdon County, New Jersey",""
"    Estimate","2,369"
"Mercer County, New Jersey",""
"    Estimate","4,998"
"Middlesex County, New Jersey",""
"    Estimate","12,739"
"Monmouth County, New Jersey",""
"    Estimate","9,776"
"Morris County, New Jersey",""
"    Estimate","7,920"
"Ocean County, New Jersey",""
"    Estimate","8,737"
"Passaic County, New Jersey",""
"    Estimate","6,713"
"Salem County, New Jersey",""
"    Estimate","1,248"
"Somerset County, New Jersey",""
"    Estimate","4,803"
"Sussex County, New Jersey",""
"    Estimate","2,798"
"Union County, New Jersey",""
"    Estimate","7,713"
"Warren County, New Jersey",""
"    Estimate","1,997"
"Bernalillo County, New Mexico",""
"    Estimate","8,840"
"Chaves County, New Mexico",""
"    Estimate","865"
"Doña Ana County, New Mexico",""
"    Estimate","2,486"
"Lea County, New Mexico",""
"    Estimate","954"
"McKinley County, New Mexico",""
"    Estimate","2,365"
"Otero County, New Mexico",""
"    Estimate","952"
"Sandoval County, New Mexico",""
"    Estimate","2,653"
"San Juan County, New Mexico",""
"    Estimate","2,731"
"Santa Fe County, New Mexico",""
"    Estimate","3,156"
"Valencia County, New Mexico",""
"    Estimate","1,014"
"Albany County, New York",""
"    Estimate","5,016"
"Bronx County, New York",""
"    Estimate","17,155"
"Broome County, New York",""
"    Estimate","3,652"
"Cattaraugus County, New York",""
"    Estimate","2,879"
"Cayuga County, New York",""
"    Estimate","2,490"
"Chautauqua County, New York",""
"    Estimate","3,328"
"Chemung County, New York",""
"    Estimate","1,718"
"Clinton County, New York",""
"    Estimate","1,620"
"Dutchess County, New York",""
"    Estimate","5,335"
"Erie County, New York",""
"    Estimate","14,306"
"Jefferson County, New York",""
"    Estimate","2,728"
"Kings County, New York",""
"    Estimate","41,489"
"Livingston County, New York",""
"    Estimate","1,657"
"Madison County, New York",""
"    Estimate","1,686"
"Monroe County, New York",""
"    Estimate","11,658"
"Nassau County, New York",""
"    Estimate","22,561"
"New York County, New York",""
"    Estimate","16,061"
"Niagara County, New York",""
"    Estimate","3,575"
"Oneida County, New York",""
"    Estimate","4,639"
"Onondaga County, New York",""
"    Estimate","8,921"
"Ontario County, New York",""
"    Estimate","2,269"
"Orange County, New York",""
"    Estimate","5,555"
"Oswego County, New York",""
"    Estimate","2,606"
"Putnam County, New York",""
"    Estimate","1,552"
"Queens County, New York",""
"    Estimate","36,024"
"Rensselaer County, New York",""
"    Estimate","2,887"
"Richmond County, New York",""
"    Estimate","6,892"
"Rockland County, New York",""
"    Estimate","5,330"
"St. Lawrence County, New York",""
"    Estimate","3,075"
"Saratoga County, New York",""
"    Estimate","3,831"
"Schenectady County, New York",""
"    Estimate","2,301"
"Steuben County, New York",""
"    Estimate","3,055"
"Suffolk County, New York",""
"    Estimate","22,927"
"Sullivan County, New York",""
"    Estimate","1,237"
"Tompkins County, New York",""
"    Estimate","1,943"
"Ulster County, New York",""
"    Estimate","3,019"
"Warren County, New York",""
"    Estimate","1,326"
"Wayne County, New York",""
"    Estimate","1,943"
"Westchester County, New York",""
"    Estimate","14,406"
"Alamance County, North Carolina",""
"    Estimate","2,916"
"Brunswick County, North Carolina",""
"    Estimate","2,021"
"Buncombe County, North Carolina",""
"    Estimate","3,429"
"Burke County, North Carolina",""
"    Estimate","1,401"
"Cabarrus County, North Carolina",""
"    Estimate","2,606"
"Caldwell County, North Carolina",""
"    Estimate","1,207"
"Carteret County, North Carolina",""
"    Estimate","1,686"
"Catawba County, North Carolina",""
"    Estimate","2,234"
"Chatham County, North Carolina",""
"    Estimate","986"
"Cleveland County, North Carolina",""
"    Estimate","1,573"
"Craven County, North Carolina",""
"    Estimate","1,457"
"Cumberland County, North Carolina",""
"    Estimate","5,238"
"Davidson County, North Carolina",""
"    Estimate","2,268"
"Durham County, North Carolina",""
"    Estimate","3,648"
"Forsyth County, North Carolina",""
"    Estimate","5,767"
"Gaston County, North Carolina",""
"    Estimate","3,712"
"Guilford County, North Carolina",""
"    Estimate","7,521"
"Harnett County, North Carolina",""
"    Estimate","2,894"
"Henderson County, North Carolina",""
"    Estimate","1,658"
"Iredell County, North Carolina",""
"    Estimate","3,017"
"Johnston County, North Carolina",""
"    Estimate","2,011"
"Lincoln County, North Carolina",""
"    Estimate","1,200"
"Mecklenburg County, North Carolina",""
"    Estimate","14,199"
"Moore County, North Carolina",""
"    Estimate","1,270"
"Nash County, North Carolina",""
"    Estimate","1,281"
"New Hanover County, North Carolina",""
"    Estimate","2,690"
"Onslow County, North Carolina",""
"    Estimate","2,367"
"Orange County, North Carolina",""
"    Estimate","2,319"
"Pitt County, North Carolina",""
"    Estimate","2,045"
"Randolph County, North Carolina",""
"    Estimate","2,064"
"Robeson County, North Carolina",""
"    Estimate","2,583"
"Rockingham County, North Carolina",""
"    Estimate","1,365"
"Rowan County, North Carolina",""
"    Estimate","2,029"
"Rutherford County, North Carolina",""
"    Estimate","808"
"Surry County, North Carolina",""
"    Estimate","1,347"
"Union County, North Carolina",""
"    Estimate","3,592"
"Wake County, North Carolina",""
"    Estimate","13,603"
"Wayne County, North Carolina",""
"    Estimate","1,653"
"Wilkes County, North Carolina",""
"    Estimate","861"
"Wilson County, North Carolina",""
"    Estimate","1,198"
"Burleigh County, North Dakota",""
"    Estimate","1,725"
"Cass County, North Dakota",""
"    Estimate","2,983"
"Grand Forks County, North Dakota",""
"    Estimate","1,718"
"Ward County, North Dakota",""
"    Estimate","1,339"
"Allen County, Ohio",""
"    Estimate","2,003"
"Ashtabula County, Ohio",""
"    Estimate","1,882"
"Athens County, Ohio",""
"    Estimate","1,422"
"Belmont County, Ohio",""
"    Estimate","1,543"
"Butler County, Ohio",""
"    Estimate","5,532"
"Clark County, Ohio",""
"    Estimate","2,720"
"Clermont County, Ohio",""
"    Estimate","3,066"
"Columbiana County, Ohio",""
"    Estimate","1,830"
"Cuyahoga County, Ohio",""
"    Estimate","22,467"
"Delaware County, Ohio",""
"    Estimate","3,021"
"Erie County, Ohio",""
"    Estimate","1,220"
"Fairfield County, Ohio",""
"    Estimate","2,501"
"Franklin County, Ohio",""
"    Estimate","17,577"
"Geauga County, Ohio",""
"    Estimate","1,795"
"Greene County, Ohio",""
"    Estimate","2,734"
"Hamilton County, Ohio",""
"    Estimate","12,770"
"Hancock County, Ohio",""
"    Estimate","1,291"
"Jefferson County, Ohio",""
"    Estimate","1,550"
"Lake County, Ohio",""
"    Estimate","4,048"
"Licking County, Ohio",""
"    Estimate","2,565"
"Lorain County, Ohio",""
"    Estimate","4,983"
"Lucas County, Ohio",""
"    Estimate","6,897"
"Mahoning County, Ohio",""
"    Estimate","4,100"
"Marion County, Ohio",""
"    Estimate","1,217"
"Medina County, Ohio",""
"    Estimate","3,011"
"Miami County, Ohio",""
"    Estimate","1,718"
"Montgomery County, Ohio",""
"    Estimate","8,553"
"Muskingum County, Ohio",""
"    Estimate","1,539"
"Portage County, Ohio",""
"    Estimate","2,565"
"Richland County, Ohio",""
"    Estimate","2,037"
"Ross County, Ohio",""
"    Estimate","1,337"
"Scioto County, Ohio",""
"    Estimate","1,236"
"Stark County, Ohio",""
"    Estimate","6,236"
"Summit County, Ohio",""
"    Estimate","8,431"
"Trumbull County, Ohio",""
"    Estimate","3,531"
"Tuscarawas County, Ohio",""
"    Estimate","1,727"
"Warren County, Ohio",""
"    Estimate","3,033"
"Wayne County, Ohio",""
"    Estimate","2,559"
"Wood County, Ohio",""
"    Estimate","2,537"
"Canadian County, Oklahoma",""
"    Estimate","2,361"
"Cleveland County, Oklahoma",""
"    Estimate","4,304"
"Comanche County, Oklahoma",""
"    Estimate","2,122"
"Creek County, Oklahoma",""
"    Estimate","2,096"
"Muskogee County, Oklahoma",""
"    Estimate","1,756"
"Oklahoma County, Oklahoma",""
"    Estimate","12,751"
"Payne County, Oklahoma",""
"    Estimate","1,507"
"Pottawatomie County, Oklahoma",""
"    Estimate","2,181"
"Rogers County, Oklahoma",""
"    Estimate","2,480"
"Tulsa County, Oklahoma",""
"    Estimate","14,000"
"Wagoner County, Oklahoma",""
"    Estimate","1,923"
"Benton County, Oregon",""
"    Estimate","1,567"
"Clackamas County, Oregon",""
"    Estimate","5,626"
"Deschutes County, Oregon",""
"    Estimate","1,865"
"Douglas County, Oregon",""
"    Estimate","1,704"
"Jackson County, Oregon",""
"    Estimate","2,794"
"Josephine County, Oregon",""
"    Estimate","1,019"
"Klamath County, Oregon",""
"    Estimate","1,118"
"Lane County, Oregon",""
"    Estimate","5,889"
"Linn County, Oregon",""
"    Estimate","1,863"
"Marion County, Oregon",""
"    Estimate","4,681"
"Multnomah County, Oregon",""
"    Estimate","11,706"
"Polk County, Oregon",""
"    Estimate","1,065"
"Umatilla County, Oregon",""
"    Estimate","1,366"
"Washington County, Oregon",""
"    Estimate","8,177"
"Yamhill County, Oregon",""
"    Estimate","1,753"
"Adams County, Pennsylvania",""
"    Estimate","2,627"
"Allegheny County, Pennsylvania",""
"    Estimate","22,345"
"Armstrong County, Pennsylvania",""
"    Estimate","2,050"
"Beaver County, Pennsylvania",""
"    Estimate","3,729"
"Berks County, Pennsylvania",""
"    Estimate","7,647"
"Blair County, Pennsylvania",""
"    Estimate","2,771"
"Bucks County, Pennsylvania",""
"    Estimate","10,758"
"Butler County, Pennsylvania",""
"    Estimate","4,832"
"Cambria County, Pennsylvania",""
"    Estimate","4,467"
"Carbon County, Pennsylvania",""
"    Estimate","1,240"
"Centre County, Pennsylvania",""
"    Estimate","3,295"
"Chester County, Pennsylvania",""
"    Estimate","9,512"
"Clearfield County, Pennsylvania",""
"    Estimate","2,541"
"Columbia County, Pennsylvania",""
"    Estimate","2,316"
"Crawford County, Pennsylvania",""
"    Estimate","3,318"
"Cumberland County, Pennsylvania",""
"    Estimate","4,298"
"Dauphin County, Pennsylvania",""
"    Estimate","5,018"
"Delaware County, Pennsylvania",""
"    Estimate","9,891"
"Erie County, Pennsylvania",""
"    Estimate","5,536"
"Fayette County, Pennsylvania",""
"    Estimate","2,902"
"Franklin County, Pennsylvania",""
"    Estimate","2,535"
"Indiana County, Pennsylvania",""
"    Estimate","2,625"
"Lackawanna County, Pennsylvania",""
"    Estimate","4,391"
"Lancaster County, Pennsylvania",""
"    Estimate","8,249"
"Lawrence County, Pennsylvania",""
"    Estimate","2,247"
"Lebanon County, Pennsylvania",""
"    Estimate","2,419"
"Lehigh County, Pennsylvania",""
"    Estimate","5,663"
"Luzerne County, Pennsylvania",""
"    Estimate","6,850"
"Lycoming County, Pennsylvania",""
"    Estimate","3,628"
"Mercer County, Pennsylvania",""
"    Estimate","3,506"
"Monroe County, Pennsylvania",""
"    Estimate","1,908"
"Montgomery County, Pennsylvania",""
"    Estimate","15,185"
"Northampton County, Pennsylvania",""
"    Estimate","5,510"
"Northumberland County, Pennsylvania",""
"    Estimate","2,443"
"Philadelphia County, Pennsylvania",""
"    Estimate","19,390"
"Schuylkill County, Pennsylvania",""
"    Estimate","4,226"
"Somerset County, Pennsylvania",""
"    Estimate","2,862"
"Washington County, Pennsylvania",""
"    Estimate","4,842"
"Westmoreland County, Pennsylvania",""
"    Estimate","7,136"
"York County, Pennsylvania",""
"    Estimate","7,826"
"Kent County, Rhode Island",""
"    Estimate","2,254"
"Newport County, Rhode Island",""
"    Estimate","1,303"
"Providence County, Rhode Island",""
"    Estimate","8,704"
"Washington County, Rhode Island",""
"    Estimate","2,000"
"Aiken County, South Carolina",""
"    Estimate","2,080"
"Anderson County, South Carolina",""
"    Estimate","2,356"
"Beaufort County, South Carolina",""
"    Estimate","2,263"
"Berkeley County, South Carolina",""
"    Estimate","2,962"
"Charleston County, South Carolina",""
"    Estimate","5,271"
"Darlington County, South Carolina",""
"    Estimate","896"
"Dorchester County, South Carolina",""
"    Estimate","1,883"
"Florence County, South Carolina",""
"    Estimate","2,012"
"Greenville County, South Carolina",""
"    Estimate","6,912"
"Greenwood County, South Carolina",""
"    Estimate","919"
"Horry County, South Carolina",""
"    Estimate","4,247"
"Lancaster County, South Carolina",""
"    Estimate","965"
"Laurens County, South Carolina",""
"    Estimate","1,174"
"Lexington County, South Carolina",""
"    Estimate","4,800"
"Oconee County, South Carolina",""
"    Estimate","1,102"
"Orangeburg County, South Carolina",""
"    Estimate","1,384"
"Pickens County, South Carolina",""
"    Estimate","1,974"
"Richland County, South Carolina",""
"    Estimate","5,833"
"Spartanburg County, South Carolina",""
"    Estimate","4,331"
"Sumter County, South Carolina",""
"    Estimate","1,465"
"York County, South Carolina",""
"    Estimate","3,634"
"Minnehaha County, South Dakota",""
"    Estimate","3,406"
"Pennington County, South Dakota",""
"    Estimate","1,675"
"Anderson County, Tennessee",""
"    Estimate","1,149"
"Blount County, Tennessee",""
"    Estimate","1,842"
"Bradley County, Tennessee",""
"    Estimate","1,385"
"Davidson County, Tennessee",""
"    Estimate","9,376"
"Greene County, Tennessee",""
"    Estimate","1,030"
"Hamilton County, Tennessee",""
"    Estimate","4,881"
"Knox County, Tennessee",""
"    Estimate","6,679"
"Madison County, Tennessee",""
"    Estimate","1,535"
"Maury County, Tennessee",""
"    Estimate","1,118"
"Montgomery County, Tennessee",""
"    Estimate","2,505"
"Putnam County, Tennessee",""
"    Estimate","1,171"
"Robertson County, Tennessee",""
"    Estimate","1,194"
"Rutherford County, Tennessee",""
"    Estimate","3,728"
"Sevier County, Tennessee",""
"    Estimate","1,184"
"Shelby County, Tennessee",""
"    Estimate","11,497"
"Sullivan County, Tennessee",""
"    Estimate","2,509"
"Sumner County, Tennessee",""
"    Estimate","2,717"
"Washington County, Tennessee",""
"    Estimate","1,577"
"Williamson County, Tennessee",""
"    Estimate","3,258"
"Wilson County, Tennessee",""
"    Estimate","1,667"
"Angelina County, Texas",""
"    Estimate","1,009"
"Bastrop County, Texas",""
"    Estimate","756"
"Bell County, Texas",""
"    Estimate","4,123"
"Bexar County, Texas",""
"    Estimate","23,962"
"Bowie County, Texas",""
"    Estimate","1,307"
"Brazoria County, Texas",""
"    Estimate","3,965"
"Brazos County, Texas",""
"    Estimate","2,832"
"Cameron County, Texas",""
"    Estimate","4,944"
"Collin County, Texas",""
"    Estimate","12,231"
"Comal County, Texas",""
"    Estimate","1,676"
"Coryell County, Texas",""
"    Estimate","1,546"
"Dallas County, Texas",""
"    Estimate","31,492"
"Denton County, Texas",""
"    Estimate","11,111"
"Ector County, Texas",""
"    Estimate","1,554"
"Ellis County, Texas",""
"    Estimate","2,488"
"El Paso County, Texas",""
"    Estimate","9,753"
"Fort Bend County, Texas",""
"    Estimate","6,886"
"Galveston County, Texas",""
"    Estimate","3,926"
"Grayson County, Texas",""
"    Estimate","2,006"
"Gregg County, Texas",""
"    Estimate","1,601"
"Guadalupe County, Texas",""
"    Estimate","2,107"
"Harris County, Texas",""
"    Estimate","48,426"
"Harrison County, Texas",""
"    Estimate","939"
"Hays County, Texas",""
"    Estimate","2,368"
"Henderson County, Texas",""
"    Estimate","1,489"
"Hidalgo County, Texas",""
"    Estimate","7,831"
"Hunt County, Texas",""
"    Estimate","1,529"
"Jefferson County, Texas",""
"    Estimate","3,441"
"Johnson County, Texas",""
"    Estimate","2,233"
"Kaufman County, Texas",""
"    Estimate","1,896"
"Liberty County, Texas",""
"    Estimate","978"
"Lubbock County, Texas",""
"    Estimate","3,925"
"McLennan County, Texas",""
"    Estimate","3,769"
"Midland County, Texas",""
"    Estimate","1,569"
"Montgomery County, Texas",""
"    Estimate","4,818"
"Nacogdoches County, Texas",""
"    Estimate","1,009"
"Nueces County, Texas",""
"    Estimate","4,671"
"Orange County, Texas",""
"    Estimate","1,246"
"Parker County, Texas",""
"    Estimate","1,875"
"Potter County, Texas",""
"    Estimate","1,810"
"Randall County, Texas",""
"    Estimate","2,018"
"Rockwall County, Texas",""
"    Estimate","1,087"
"San Patricio County, Texas",""
"    Estimate","1,052"
"Smith County, Texas",""
"    Estimate","2,554"
"Tarrant County, Texas",""
"    Estimate","24,558"
"Taylor County, Texas",""
"    Estimate","2,132"
"Tom Green County, Texas",""
"    Estimate","1,579"
"Travis County, Texas",""
"    Estimate","14,682"
"Victoria County, Texas",""
"    Estimate","1,192"
"Walker County, Texas",""
"    Estimate","1,070"
"Webb County, Texas",""
"    Estimate","3,621"
"Wichita County, Texas",""
"    Estimate","2,080"
"Williamson County, Texas",""
"    Estimate","6,451"
"Cache County, Utah",""
"    Estimate","2,609"
"Davis County, Utah",""
"    Estimate","4,879"
"Salt Lake County, Utah",""
"    Estimate","15,967"
"Utah County, Utah",""
"    Estimate","11,696"
"Washington County, Utah",""
"    Estimate","1,783"
"Weber County, Utah",""
"    Estimate","3,680"
"Chittenden County, Vermont",""
"    Estimate","3,111"
"Albemarle County, Virginia",""
"    Estimate","1,733"
"Arlington County, Virginia",""
"    Estimate","3,318"
"Augusta County, Virginia",""
"    Estimate","958"
"Bedford County, Virginia",""
"    Estimate","1,087"
"Chesterfield County, Virginia",""
"    Estimate","4,786"
"Fairfax County, Virginia",""
"    Estimate","18,435"
"Fauquier County, Virginia",""
"    Estimate","1,217"
"Frederick County, Virginia",""
"    Estimate","1,168"
"Hanover County, Virginia",""
"    Estimate","1,723"
"Henrico County, Virginia",""
"    Estimate","4,198"
"James City County, Virginia",""
"    Estimate","816"
"Loudoun County, Virginia",""
"    Estimate","5,650"
"Montgomery County, Virginia",""
"    Estimate","1,284"
"Prince William County, Virginia",""
"    Estimate","6,458"
"Roanoke County, Virginia",""
"    Estimate","1,348"
"Rockingham County, Virginia",""
"    Estimate","1,508"
"Spotsylvania County, Virginia",""
"    Estimate","2,298"
"Stafford County, Virginia",""
"    Estimate","2,127"
"York County, Virginia",""
"    Estimate","940"
"Alexandria city, Virginia",""
"    Estimate","2,218"
"Chesapeake city, Virginia",""
"    Estimate","2,913"
"Hampton city, Virginia",""
"    Estimate","1,772"
"Lynchburg city, Virginia",""
"    Estimate","1,213"
"Newport News city, Virginia",""
"    Estimate","2,406"
"Norfolk city, Virginia",""
"    Estimate","4,135"
"Portsmouth city, Virginia",""
"    Estimate","1,458"
"Richmond city, Virginia",""
"    Estimate","3,370"
"Roanoke city, Virginia",""
"    Estimate","1,199"
"Suffolk city, Virginia",""
"    Estimate","1,543"
"Virginia Beach city, Virginia",""
"    Estimate","6,734"
"Benton County, Washington",""
"    Estimate","2,659"
"Chelan County, Washington",""
"    Estimate","928"
"Clallam County, Washington",""
"    Estimate","1,405"
"Clark County, Washington",""
"    Estimate","7,467"
"Cowlitz County, Washington",""
"    Estimate","1,469"
"Franklin County, Washington",""
"    Estimate","1,005"
"Grant County, Washington",""
"    Estimate","1,195"
"Grays Harbor County, Washington",""
"    Estimate","1,407"
"Island County, Washington",""
"    Estimate","1,372"
"King County, Washington",""
"    Estimate","30,289"
"Kitsap County, Washington",""
"    Estimate","4,638"
"Lewis County, Washington",""
"    Estimate","1,490"
"Pierce County, Washington",""
"    Estimate","13,324"
"Skagit County, Washington",""
"    Estimate","3,520"
"Snohomish County, Washington",""
"    Estimate","11,397"
"Spokane County, Washington",""
"    Estimate","7,469"
"Thurston County, Washington",""
"    Estimate","3,810"
"Whatcom County, Washington",""
"    Estimate","2,949"
"Yakima County, Washington",""
"    Estimate","3,572"
"Berkeley County, West Virginia",""
"    Estimate","1,234"
"Cabell County, West Virginia",""
"    Estimate","1,392"
"Harrison County, West Virginia",""
"    Estimate","1,324"
"Kanawha County, West Virginia",""
"    Estimate","2,779"
"Monongalia County, West Virginia",""
"    Estimate","1,581"
"Raleigh County, West Virginia",""
"    Estimate","1,041"
"Wood County, West Virginia",""
"    Estimate","1,451"
"Brown County, Wisconsin",""
"    Estimate","4,509"
"Dane County, Wisconsin",""
"    Estimate","9,843"
"Dodge County, Wisconsin",""
"    Estimate","3,207"
"Eau Claire County, Wisconsin",""
"    Estimate","2,151"
"Fond du Lac County, Wisconsin",""
"    Estimate","3,094"
"Jefferson County, Wisconsin",""
"    Estimate","2,210"
"Kenosha County, Wisconsin",""
"    Estimate","2,607"
"La Crosse County, Wisconsin",""
"    Estimate","2,421"
"Manitowoc County, Wisconsin",""
"    Estimate","2,717"
"Marathon County, Wisconsin",""
"    Estimate","4,507"
"Milwaukee County, Wisconsin",""
"    Estimate","16,264"
"Outagamie County, Wisconsin",""
"    Estimate","3,967"
"Ozaukee County, Wisconsin",""
"    Estimate","1,660"
"Portage County, Wisconsin",""
"    Estimate","2,418"
"Racine County, Wisconsin",""
"    Estimate","3,402"
"Rock County, Wisconsin",""
"    Estimate","3,448"
"St. Croix County, Wisconsin",""
"    Estimate","2,480"
"Sheboygan County, Wisconsin",""
"    Estimate","3,081"
"Walworth County, Wisconsin",""
"    Estimate","2,611"
"Washington County, Wisconsin",""
"    Estimate","2,282"
"Waukesha County, Wisconsin",""
"    Estimate","7,717"
"Winnebago County, Wisconsin",""
"    Estimate","3,690"
"Wood County, Wisconsin",""
"    Estimate","2,540"
"Laramie County, Wyoming",""
"    Estimate","1,413"
"Natrona County, Wyoming",""
"    Estimate","1,311"
"Arecibo Municipio, Puerto Rico",""
"    Estimate","1,183"
"Bayamón Municipio, Puerto Rico",""
"    Estimate","3,160"
"Caguas Municipio, Puerto Rico",""
"    Estimate","1,582"
"Carolina Municipio, Puerto Rico",""
"    Estimate","2,140"
"Guaynabo Municipio, Puerto Rico",""
"    Estimate","1,073"
"Mayagüez Municipio, Puerto Rico",""
"    Estimate","1,043"
"Ponce Municipio, Puerto Rico",""
"    Estimate","2,113"
"San Juan Municipio, Puerto Rico",""
"    Estimate","5,216"
"Toa Alta Municipio, Puerto Rico",""
"    Estimate","709"
"Toa Baja Municipio, Puerto Rico",""
"    Estimate","1,007"
"Trujillo Alto Municipio, Puerto Rico",""
"    Estimate","847"